perturb_type,param_value,unit,fov_retention_ratio,bcr_overall,bcr_near,bcr_mid,bcr_far,eas_score,mean_edge_dist_px
yaw,-3.0,deg,0.18362282878411912,0.1650879818305315,0.23562468160978092,0.14182692307692307,0.0,0.49506258964538574,6.718825817108154
yaw,-2.0,deg,0.1840302211029221,0.363499084651059,0.5475109898149385,0.2692307692307692,0.0,0.5053631663322449,6.274386882781982
yaw,-1.5,deg,0.1844283545053887,0.46568213470224085,0.6930570519305975,0.3574608262108262,0.0,0.49564602971076965,6.074993133544922
yaw,-1.0,deg,0.18455797933409873,0.6797512317590452,0.884276917459211,0.600338319088319,0.225,0.4901917576789856,5.599673748016357
yaw,-0.5,deg,0.18476167549350023,0.8798756528089351,0.9497362692139449,0.877522554605888,0.675,0.5376591086387634,4.637516498565674
yaw,0.0,deg,0.18467834524647236,0.9965152948596657,0.9930305897193316,1.0,1.0,0.6599858403205872,3.54817271232605
yaw,0.5,deg,0.18467834524647236,0.8688629268899689,0.9722106590980765,0.885772792022792,0.525,0.622511088848114,3.897571325302124
yaw,1.0,deg,0.18473389874449095,0.681758016252247,0.938033284799524,0.6007241215574548,0.075,0.5591565370559692,4.533316612243652
yaw,1.5,deg,0.18471538091181808,0.5495588676374181,0.8374645222327342,0.3924798195631529,0.0,0.5080131888389587,5.0619611740112305
yaw,2.0,deg,0.1848357468241917,0.4169946085922907,0.6304635761589404,0.30528846153846156,0.0,0.5015297532081604,5.409818172454834
yaw,3.0,deg,0.1846968630791452,0.2671730587293501,0.41255124566382845,0.18269230769230768,0.0,0.5396786332130432,5.420668601989746
translation_x,-0.1,meter,0.18202103625791638,0.9909729765506071,0.9860611794386629,0.9938271604938271,1.0,0.6195287704467773,3.9163384437561035
translation_x,-0.05,meter,0.1834191326247176,0.9962920805739515,0.9925841611479029,1.0,1.0,0.6445590257644653,3.686267375946045
translation_x,0.05,meter,0.1865671641791045,0.9944148936170212,0.9971631205673758,1.0,0.975,0.6650457978248596,3.5059478282928467
translation_x,0.1,meter,0.18824302803599866,0.9907111830915016,0.9938709258537853,0.9938271604938271,0.975,0.6606382727622986,3.5643181800842285
